"filename", "language", "TypeScript", "Markdown", "JavaScript", "YAML", "JSON with Comments", "JSON", "Docker", "TypeScript JSX", "HTML", "CSS", "Shell Script", "comment", "blank", "total"
"/Users/siyao/Documents/DMP/DMPReborn/.devcontainer/Dockerfile", "Docker", 0, 0, 0, 0, 0, 0, 2, 0, 0, 0, 0, 9, 4, 15
"/Users/siyao/Documents/DMP/DMPReborn/.devcontainer/devcontainer.json", "JSON with Comments", 0, 0, 0, 0, 20, 0, 0, 0, 0, 0, 0, 13, 0, 33
"/Users/siyao/Documents/DMP/DMPReborn/.eslintrc.js", "JavaScript", 0, 0, 79, 0, 0, 0, 0, 0, 0, 0, 0, 0, 4, 83
"/Users/siyao/Documents/DMP/DMPReborn/.eslintrc.json", "JSON with Comments", 0, 0, 0, 0, 3, 0, 0, 0, 0, 0, 0, 0, 0, 3
"/Users/siyao/Documents/DMP/DMPReborn/.gitguardian.yml", "YAML", 0, 0, 0, 3, 0, 0, 0, 0, 0, 0, 0, 0, 1, 4
"/Users/siyao/Documents/DMP/DMPReborn/.github/dependabot.yml", "YAML", 0, 0, 0, 24, 0, 0, 0, 0, 0, 0, 0, 0, 1, 25
"/Users/siyao/Documents/DMP/DMPReborn/.github/workflows/99_ci.yml", "YAML", 0, 0, 0, 54, 0, 0, 0, 0, 0, 0, 0, 24, 13, 91
"/Users/siyao/Documents/DMP/DMPReborn/.github/workflows/codeql.yml", "YAML", 0, 0, 0, 21, 0, 0, 0, 0, 0, 0, 0, 19, 11, 51
"/Users/siyao/Documents/DMP/DMPReborn/README.md", "Markdown", 0, 49, 0, 0, 0, 0, 0, 0, 0, 0, 0, 0, 25, 74
"/Users/siyao/Documents/DMP/DMPReborn/SECURITY.md", "Markdown", 0, 11, 0, 0, 0, 0, 0, 0, 0, 0, 0, 0, 6, 17
"/Users/siyao/Documents/DMP/DMPReborn/babel.config.json", "JSON with Comments", 0, 0, 0, 0, 5, 0, 0, 0, 0, 0, 0, 0, 0, 5
"/Users/siyao/Documents/DMP/DMPReborn/jest.config.ts", "TypeScript", 4, 0, 0, 0, 0, 0, 0, 0, 0, 0, 0, 0, 1, 5
"/Users/siyao/Documents/DMP/DMPReborn/jest.preset.js", "JavaScript", 0, 0, 5, 0, 0, 0, 0, 0, 0, 0, 0, 0, 2, 7
"/Users/siyao/Documents/DMP/DMPReborn/lgtm.yml", "YAML", 0, 0, 0, 3, 0, 0, 0, 0, 0, 0, 0, 0, 0, 3
"/Users/siyao/Documents/DMP/DMPReborn/nx.json", "JSON", 0, 0, 0, 0, 0, 62, 0, 0, 0, 0, 0, 0, 0, 62
"/Users/siyao/Documents/DMP/DMPReborn/package.json", "JSON", 0, 0, 0, 0, 0, 187, 0, 0, 0, 0, 0, 0, 0, 187
"/Users/siyao/Documents/DMP/DMPReborn/packages/itmat-commons/.eslintrc.json", "JSON with Comments", 0, 0, 0, 0, 6, 0, 0, 0, 0, 0, 0, 28, 0, 34
"/Users/siyao/Documents/DMP/DMPReborn/packages/itmat-commons/.lib.swcrc", "JSON with Comments", 0, 0, 0, 0, 31, 0, 0, 0, 0, 0, 0, 0, 0, 31
"/Users/siyao/Documents/DMP/DMPReborn/packages/itmat-commons/README.md", "Markdown", 0, 6, 0, 0, 0, 0, 0, 0, 0, 0, 0, 0, 14, 20
"/Users/siyao/Documents/DMP/DMPReborn/packages/itmat-commons/jest.config.ts", "TypeScript", 19, 0, 0, 0, 0, 0, 0, 0, 0, 0, 0, 3, 2, 24
"/Users/siyao/Documents/DMP/DMPReborn/packages/itmat-commons/package.json", "JSON", 0, 0, 0, 0, 0, 5, 0, 0, 0, 0, 0, 0, 0, 5
"/Users/siyao/Documents/DMP/DMPReborn/packages/itmat-commons/project.json", "JSON", 0, 0, 0, 0, 0, 34, 0, 0, 0, 0, 0, 12, 0, 46
"/Users/siyao/Documents/DMP/DMPReborn/packages/itmat-commons/src/index.ts", "TypeScript", 1, 0, 0, 0, 0, 0, 0, 0, 0, 0, 0, 0, 2, 3
"/Users/siyao/Documents/DMP/DMPReborn/packages/itmat-commons/src/utils/database.ts", "TypeScript", 70, 0, 0, 0, 0, 0, 0, 0, 0, 0, 0, 1, 13, 84
"/Users/siyao/Documents/DMP/DMPReborn/packages/itmat-commons/src/utils/error.ts", "TypeScript", 16, 0, 0, 0, 0, 0, 0, 0, 0, 0, 0, 0, 5, 21
"/Users/siyao/Documents/DMP/DMPReborn/packages/itmat-commons/src/utils/index.ts", "TypeScript", 9, 0, 0, 0, 0, 0, 0, 0, 0, 0, 0, 0, 1, 10
"/Users/siyao/Documents/DMP/DMPReborn/packages/itmat-commons/src/utils/logger.ts", "TypeScript", 15, 0, 0, 0, 0, 0, 0, 0, 0, 0, 0, 0, 4, 19
"/Users/siyao/Documents/DMP/DMPReborn/packages/itmat-commons/src/utils/objStore.ts", "TypeScript", 64, 0, 0, 0, 0, 0, 0, 0, 0, 0, 0, 2, 10, 76
"/Users/siyao/Documents/DMP/DMPReborn/packages/itmat-commons/src/utils/poller.ts", "TypeScript", 110, 0, 0, 0, 0, 0, 0, 0, 0, 0, 0, 11, 9, 130
"/Users/siyao/Documents/DMP/DMPReborn/packages/itmat-commons/src/utils/serverBase.ts", "TypeScript", 15, 0, 0, 0, 0, 0, 0, 0, 0, 0, 0, 0, 5, 20
"/Users/siyao/Documents/DMP/DMPReborn/packages/itmat-commons/test/unitTests/objStore.test.ts", "TypeScript", 100, 0, 0, 0, 0, 0, 0, 0, 0, 0, 0, 3, 13, 116
"/Users/siyao/Documents/DMP/DMPReborn/packages/itmat-commons/tsconfig.json", "JSON with Comments", 0, 0, 0, 0, 22, 0, 0, 0, 0, 0, 0, 0, 0, 22
"/Users/siyao/Documents/DMP/DMPReborn/packages/itmat-commons/tsconfig.lib.json", "JSON", 0, 0, 0, 0, 0, 11, 0, 0, 0, 0, 0, 5, 0, 16
"/Users/siyao/Documents/DMP/DMPReborn/packages/itmat-commons/tsconfig.spec.json", "JSON", 0, 0, 0, 0, 0, 15, 0, 0, 0, 0, 0, 2, 0, 17
"/Users/siyao/Documents/DMP/DMPReborn/packages/itmat-docker/Dockerfile", "Docker", 0, 0, 0, 0, 0, 0, 14, 0, 0, 0, 0, 0, 7, 21
"/Users/siyao/Documents/DMP/DMPReborn/packages/itmat-docker/config/config.sample.json", "JSON", 0, 0, 0, 0, 0, 44, 0, 0, 0, 0, 0, 0, 1, 45
"/Users/siyao/Documents/DMP/DMPReborn/packages/itmat-docker/launcher.js", "JavaScript", 0, 0, 63, 0, 0, 0, 0, 0, 0, 0, 0, 3, 11, 77
"/Users/siyao/Documents/DMP/DMPReborn/packages/itmat-docker/package.json", "JSON", 0, 0, 0, 0, 0, 27, 0, 0, 0, 0, 0, 0, 0, 27
"/Users/siyao/Documents/DMP/DMPReborn/packages/itmat-docker/project.json", "JSON", 0, 0, 0, 0, 0, 28, 0, 0, 0, 0, 0, 0, 0, 28
"/Users/siyao/Documents/DMP/DMPReborn/packages/itmat-interface/.eslintrc.json", "JSON with Comments", 0, 0, 0, 0, 6, 0, 0, 0, 0, 0, 0, 28, 0, 34
"/Users/siyao/Documents/DMP/DMPReborn/packages/itmat-interface/config/config.sample.json", "JSON", 0, 0, 0, 0, 0, 55, 0, 0, 0, 0, 0, 0, 0, 55
"/Users/siyao/Documents/DMP/DMPReborn/packages/itmat-interface/jest.config.ts", "TypeScript", 21, 0, 0, 0, 0, 0, 0, 0, 0, 0, 0, 3, 1, 25
"/Users/siyao/Documents/DMP/DMPReborn/packages/itmat-interface/project.json", "JSON", 0, 0, 0, 0, 0, 70, 0, 0, 0, 0, 0, 0, 0, 70
"/Users/siyao/Documents/DMP/DMPReborn/packages/itmat-interface/src/authentication/pubkeyAuthentication.ts", "TypeScript", 18, 0, 0, 0, 0, 0, 0, 0, 0, 0, 0, 1, 4, 23
"/Users/siyao/Documents/DMP/DMPReborn/packages/itmat-interface/src/database/database.ts", "TypeScript", 49, 0, 0, 0, 0, 0, 0, 0, 0, 0, 0, 0, 3, 52
"/Users/siyao/Documents/DMP/DMPReborn/packages/itmat-interface/src/emailer/emailer.ts", "TypeScript", 20, 0, 0, 0, 0, 0, 0, 0, 0, 0, 0, 0, 6, 26
"/Users/siyao/Documents/DMP/DMPReborn/packages/itmat-interface/src/encryption/aes.ts", "TypeScript", 37, 0, 0, 0, 0, 0, 0, 0, 0, 0, 0, 0, 6, 43
"/Users/siyao/Documents/DMP/DMPReborn/packages/itmat-interface/src/environments/environment.prod.ts", "TypeScript", 3, 0, 0, 0, 0, 0, 0, 0, 0, 0, 0, 0, 1, 4
"/Users/siyao/Documents/DMP/DMPReborn/packages/itmat-interface/src/environments/environment.ts", "TypeScript", 3, 0, 0, 0, 0, 0, 0, 0, 0, 0, 0, 0, 1, 4
"/Users/siyao/Documents/DMP/DMPReborn/packages/itmat-interface/src/graphql/core/configCore.ts", "TypeScript", 31, 0, 0, 0, 0, 0, 0, 0, 0, 0, 0, 9, 3, 43
"/Users/siyao/Documents/DMP/DMPReborn/packages/itmat-interface/src/graphql/core/dataCore.ts", "TypeScript", 957, 0, 0, 0, 0, 0, 0, 0, 0, 0, 0, 205, 109, 1271
"/Users/siyao/Documents/DMP/DMPReborn/packages/itmat-interface/src/graphql/core/docCore.ts", "TypeScript", 133, 0, 0, 0, 0, 0, 0, 0, 0, 0, 0, 51, 20, 204
"/Users/siyao/Documents/DMP/DMPReborn/packages/itmat-interface/src/graphql/core/driveCore.ts", "TypeScript", 414, 0, 0, 0, 0, 0, 0, 0, 0, 0, 0, 80, 35, 529
"/Users/siyao/Documents/DMP/DMPReborn/packages/itmat-interface/src/graphql/core/fieldCore.ts", "TypeScript", 66, 0, 0, 0, 0, 0, 0, 0, 0, 0, 0, 9, 10, 85
"/Users/siyao/Documents/DMP/DMPReborn/packages/itmat-interface/src/graphql/core/fileCore.ts", "TypeScript", 194, 0, 0, 0, 0, 0, 0, 0, 0, 0, 0, 97, 21, 312
"/Users/siyao/Documents/DMP/DMPReborn/packages/itmat-interface/src/graphql/core/jobCore.ts", "TypeScript", 83, 0, 0, 0, 0, 0, 0, 0, 0, 0, 0, 15, 11, 109
"/Users/siyao/Documents/DMP/DMPReborn/packages/itmat-interface/src/graphql/core/logCore.ts", "TypeScript", 204, 0, 0, 0, 0, 0, 0, 0, 0, 0, 0, 18, 7, 229
"/Users/siyao/Documents/DMP/DMPReborn/packages/itmat-interface/src/graphql/core/organisationCore.ts", "TypeScript", 104, 0, 0, 0, 0, 0, 0, 0, 0, 0, 0, 38, 13, 155
"/Users/siyao/Documents/DMP/DMPReborn/packages/itmat-interface/src/graphql/core/permissionCore.ts", "TypeScript", 212, 0, 0, 0, 0, 0, 0, 0, 0, 0, 0, 620, 79, 911
"/Users/siyao/Documents/DMP/DMPReborn/packages/itmat-interface/src/graphql/core/queryCore.ts", "TypeScript", 26, 0, 0, 0, 0, 0, 0, 0, 0, 0, 0, 2, 5, 33
"/Users/siyao/Documents/DMP/DMPReborn/packages/itmat-interface/src/graphql/core/studyCore.ts", "TypeScript", 265, 0, 0, 0, 0, 0, 0, 0, 0, 0, 0, 201, 53, 519
"/Users/siyao/Documents/DMP/DMPReborn/packages/itmat-interface/src/graphql/core/transformationCore.ts", "TypeScript", 377, 0, 0, 0, 0, 0, 0, 0, 0, 0, 0, 295, 75, 747
"/Users/siyao/Documents/DMP/DMPReborn/packages/itmat-interface/src/graphql/core/userCore.ts", "TypeScript", 557, 0, 0, 0, 0, 0, 0, 0, 0, 0, 0, 177, 76, 810
"/Users/siyao/Documents/DMP/DMPReborn/packages/itmat-interface/src/graphql/core/utilsCore.ts", "TypeScript", 123, 0, 0, 0, 0, 0, 0, 0, 0, 0, 0, 13, 12, 148
"/Users/siyao/Documents/DMP/DMPReborn/packages/itmat-interface/src/graphql/declare.d.ts", "TypeScript", 1, 0, 0, 0, 0, 0, 0, 0, 0, 0, 0, 0, 1, 2
"/Users/siyao/Documents/DMP/DMPReborn/packages/itmat-interface/src/graphql/errors.ts", "TypeScript", 11, 0, 0, 0, 0, 0, 0, 0, 0, 0, 0, 0, 1, 12
"/Users/siyao/Documents/DMP/DMPReborn/packages/itmat-interface/src/graphql/pubsub.ts", "TypeScript", 6, 0, 0, 0, 0, 0, 0, 0, 0, 0, 0, 0, 3, 9
"/Users/siyao/Documents/DMP/DMPReborn/packages/itmat-interface/src/graphql/resolvers/configResolvers.ts", "TypeScript", 23, 0, 0, 0, 0, 0, 0, 0, 0, 0, 0, 8, 2, 33
"/Users/siyao/Documents/DMP/DMPReborn/packages/itmat-interface/src/graphql/resolvers/dataResolvers.ts", "TypeScript", 112, 0, 0, 0, 0, 0, 0, 0, 0, 0, 0, 272, 54, 438
"/Users/siyao/Documents/DMP/DMPReborn/packages/itmat-interface/src/graphql/resolvers/docResolvers.ts", "TypeScript", 54, 0, 0, 0, 0, 0, 0, 0, 0, 0, 0, 46, 7, 107
"/Users/siyao/Documents/DMP/DMPReborn/packages/itmat-interface/src/graphql/resolvers/fileResolvers.ts", "TypeScript", 23, 0, 0, 0, 0, 0, 0, 0, 0, 0, 0, 314, 27, 364
"/Users/siyao/Documents/DMP/DMPReborn/packages/itmat-interface/src/graphql/resolvers/index.ts", "TypeScript", 61, 0, 0, 0, 0, 0, 0, 0, 0, 0, 0, 5, 7, 73
"/Users/siyao/Documents/DMP/DMPReborn/packages/itmat-interface/src/graphql/resolvers/jobResolvers.ts", "TypeScript", 12, 0, 0, 0, 0, 0, 0, 0, 0, 0, 0, 0, 3, 15
"/Users/siyao/Documents/DMP/DMPReborn/packages/itmat-interface/src/graphql/resolvers/logResolvers.ts", "TypeScript", 15, 0, 0, 0, 0, 0, 0, 0, 0, 0, 0, 14, 6, 35
"/Users/siyao/Documents/DMP/DMPReborn/packages/itmat-interface/src/graphql/resolvers/organisationResolvers.ts", "TypeScript", 49, 0, 0, 0, 0, 0, 0, 0, 0, 0, 0, 38, 13, 100
"/Users/siyao/Documents/DMP/DMPReborn/packages/itmat-interface/src/graphql/resolvers/permissionResolvers.ts", "TypeScript", 9, 0, 0, 0, 0, 0, 0, 0, 0, 0, 0, 0, 4, 13
"/Users/siyao/Documents/DMP/DMPReborn/packages/itmat-interface/src/graphql/resolvers/pubkeyResolvers.ts", "TypeScript", 12, 0, 0, 0, 0, 0, 0, 0, 0, 0, 0, 2, 2, 16
"/Users/siyao/Documents/DMP/DMPReborn/packages/itmat-interface/src/graphql/resolvers/queryResolvers.ts", "TypeScript", 8, 0, 0, 0, 0, 0, 0, 0, 0, 0, 0, 0, 2, 10
"/Users/siyao/Documents/DMP/DMPReborn/packages/itmat-interface/src/graphql/resolvers/standardizationResolvers.ts", "TypeScript", 10, 0, 0, 0, 0, 0, 0, 0, 0, 0, 0, 0, 3, 13
"/Users/siyao/Documents/DMP/DMPReborn/packages/itmat-interface/src/graphql/resolvers/studyResolvers.ts", "TypeScript", 125, 0, 0, 0, 0, 0, 0, 0, 0, 0, 0, 565, 42, 732
"/Users/siyao/Documents/DMP/DMPReborn/packages/itmat-interface/src/graphql/resolvers/userResolvers.ts", "TypeScript", 484, 0, 0, 0, 0, 0, 0, 0, 0, 0, 0, 259, 84, 827
"/Users/siyao/Documents/DMP/DMPReborn/packages/itmat-interface/src/graphql/responses.ts", "TypeScript", 10, 0, 0, 0, 0, 0, 0, 0, 0, 0, 0, 0, 2, 12
"/Users/siyao/Documents/DMP/DMPReborn/packages/itmat-interface/src/graphql/typeDefs.ts", "TypeScript", 647, 0, 0, 0, 0, 0, 0, 0, 0, 0, 0, 0, 115, 762
"/Users/siyao/Documents/DMP/DMPReborn/packages/itmat-interface/src/index.ts", "TypeScript", 116, 0, 0, 0, 0, 0, 0, 0, 0, 0, 0, 3, 13, 132
"/Users/siyao/Documents/DMP/DMPReborn/packages/itmat-interface/src/interfaceRunner.ts", "TypeScript", 29, 0, 0, 0, 0, 0, 0, 0, 0, 0, 0, 16, 10, 55
"/Users/siyao/Documents/DMP/DMPReborn/packages/itmat-interface/src/log/logPlugin.ts", "TypeScript", 46, 0, 0, 0, 0, 0, 0, 0, 0, 0, 0, 40, 9, 95
"/Users/siyao/Documents/DMP/DMPReborn/packages/itmat-interface/src/log/trpcLogHelper.ts", "TypeScript", 89, 0, 0, 0, 0, 0, 0, 0, 0, 0, 0, 28, 19, 136
"/Users/siyao/Documents/DMP/DMPReborn/packages/itmat-interface/src/objStore/objStore.ts", "TypeScript", 2, 0, 0, 0, 0, 0, 0, 0, 0, 0, 0, 0, 2, 4
"/Users/siyao/Documents/DMP/DMPReborn/packages/itmat-interface/src/rest/fileDownload.ts", "TypeScript", 57, 0, 0, 0, 0, 0, 0, 0, 0, 0, 0, 4, 4, 65
"/Users/siyao/Documents/DMP/DMPReborn/packages/itmat-interface/src/server/router.ts", "TypeScript", 300, 0, 0, 0, 0, 0, 0, 0, 0, 0, 0, 42, 44, 386
"/Users/siyao/Documents/DMP/DMPReborn/packages/itmat-interface/src/server/server.ts", "TypeScript", 18, 0, 0, 0, 0, 0, 0, 0, 0, 0, 0, 0, 3, 21
"/Users/siyao/Documents/DMP/DMPReborn/packages/itmat-interface/src/server/tRPCRouter.ts", "TypeScript", 3, 0, 0, 0, 0, 0, 0, 0, 0, 0, 0, 16, 0, 19
"/Users/siyao/Documents/DMP/DMPReborn/packages/itmat-interface/src/tRPC/procedures/configProcedure.ts", "TypeScript", 21, 0, 0, 0, 0, 0, 0, 0, 0, 0, 0, 9, 3, 33
"/Users/siyao/Documents/DMP/DMPReborn/packages/itmat-interface/src/tRPC/procedures/dataProcedure.ts", "TypeScript", 305, 0, 0, 0, 0, 0, 0, 0, 0, 0, 0, 167, 13, 485
"/Users/siyao/Documents/DMP/DMPReborn/packages/itmat-interface/src/tRPC/procedures/docProcedure.ts", "TypeScript", 122, 0, 0, 0, 0, 0, 0, 0, 0, 0, 0, 50, 3, 175
"/Users/siyao/Documents/DMP/DMPReborn/packages/itmat-interface/src/tRPC/procedures/driveProcedure.ts", "TypeScript", 128, 0, 0, 0, 0, 0, 0, 0, 0, 0, 0, 64, 6, 198
"/Users/siyao/Documents/DMP/DMPReborn/packages/itmat-interface/src/tRPC/procedures/index.ts", "TypeScript", 22, 0, 0, 0, 0, 0, 0, 0, 0, 0, 0, 0, 0, 22
"/Users/siyao/Documents/DMP/DMPReborn/packages/itmat-interface/src/tRPC/procedures/jobProcedure.ts", "TypeScript", 59, 0, 0, 0, 0, 0, 0, 0, 0, 0, 0, 14, 7, 80
"/Users/siyao/Documents/DMP/DMPReborn/packages/itmat-interface/src/tRPC/procedures/logProcedure.ts", "TypeScript", 30, 0, 0, 0, 0, 0, 0, 0, 0, 0, 0, 12, 3, 45
"/Users/siyao/Documents/DMP/DMPReborn/packages/itmat-interface/src/tRPC/procedures/organisationProcedure.ts", "TypeScript", 117, 0, 0, 0, 0, 0, 0, 0, 0, 0, 0, 39, 2, 158
"/Users/siyao/Documents/DMP/DMPReborn/packages/itmat-interface/src/tRPC/procedures/permissionProcedure.ts", "TypeScript", 84, 0, 0, 0, 0, 0, 0, 0, 0, 0, 0, 35, 5, 124
"/Users/siyao/Documents/DMP/DMPReborn/packages/itmat-interface/src/tRPC/procedures/studyProcedure.ts", "TypeScript", 130, 0, 0, 0, 0, 0, 0, 0, 0, 0, 0, 55, 5, 190
"/Users/siyao/Documents/DMP/DMPReborn/packages/itmat-interface/src/tRPC/procedures/type.ts", "TypeScript", 5, 0, 0, 0, 0, 0, 0, 0, 0, 0, 0, 0, 1, 6
"/Users/siyao/Documents/DMP/DMPReborn/packages/itmat-interface/src/tRPC/procedures/userProcedure.ts", "TypeScript", 685, 0, 0, 0, 0, 0, 0, 0, 0, 0, 0, 326, 56, 1067
"/Users/siyao/Documents/DMP/DMPReborn/packages/itmat-interface/src/ts-essentials.d.ts", "TypeScript", 0, 0, 0, 0, 0, 0, 0, 0, 0, 0, 0, 1, 0, 1
"/Users/siyao/Documents/DMP/DMPReborn/packages/itmat-interface/src/utils/configManager.ts", "TypeScript", 38, 0, 0, 0, 0, 0, 0, 0, 0, 0, 0, 0, 9, 47
"/Users/siyao/Documents/DMP/DMPReborn/packages/itmat-interface/src/utils/definition.ts", "TypeScript", 1, 0, 0, 0, 0, 0, 0, 0, 0, 0, 0, 0, 0, 1
"/Users/siyao/Documents/DMP/DMPReborn/packages/itmat-interface/src/utils/file.ts", "TypeScript", 29, 0, 0, 0, 0, 0, 0, 0, 0, 0, 0, 2, 6, 37
"/Users/siyao/Documents/DMP/DMPReborn/packages/itmat-interface/src/utils/mfa.ts", "TypeScript", 45, 0, 0, 0, 0, 0, 0, 0, 0, 0, 0, 7, 11, 63
"/Users/siyao/Documents/DMP/DMPReborn/packages/itmat-interface/src/utils/noop.ts", "TypeScript", 1, 0, 0, 0, 0, 0, 0, 0, 0, 0, 0, 1, 1, 3
"/Users/siyao/Documents/DMP/DMPReborn/packages/itmat-interface/src/utils/pubkeycrypto.ts", "TypeScript", 207, 0, 0, 0, 0, 0, 0, 0, 0, 0, 0, 17, 36, 260
"/Users/siyao/Documents/DMP/DMPReborn/packages/itmat-interface/src/utils/query.ts", "TypeScript", 429, 0, 0, 0, 0, 0, 0, 0, 0, 0, 0, 156, 19, 604
"/Users/siyao/Documents/DMP/DMPReborn/packages/itmat-interface/src/utils/regrex.ts", "TypeScript", 41, 0, 0, 0, 0, 0, 0, 0, 0, 0, 0, 7, 3, 51
"/Users/siyao/Documents/DMP/DMPReborn/packages/itmat-interface/src/utils/userLoginUtils.ts", "TypeScript", 19, 0, 0, 0, 0, 0, 0, 0, 0, 0, 0, 0, 6, 25
"/Users/siyao/Documents/DMP/DMPReborn/packages/itmat-interface/src/webdav/dmpWebDAV.ts", "TypeScript", 368, 0, 0, 0, 0, 0, 0, 0, 0, 0, 0, 21, 33, 422
"/Users/siyao/Documents/DMP/DMPReborn/packages/itmat-interface/test/serverTests/_loginHelper.ts", "TypeScript", 29, 0, 0, 0, 0, 0, 0, 0, 0, 0, 0, 8, 5, 42
"/Users/siyao/Documents/DMP/DMPReborn/packages/itmat-interface/test/serverTests/file.test.ts", "TypeScript", 762, 0, 0, 0, 0, 0, 0, 0, 0, 0, 0, 48, 71, 881
"/Users/siyao/Documents/DMP/DMPReborn/packages/itmat-interface/test/serverTests/job.test.ts", "TypeScript", 707, 0, 0, 0, 0, 0, 0, 0, 0, 0, 0, 20, 47, 774
"/Users/siyao/Documents/DMP/DMPReborn/packages/itmat-interface/test/serverTests/log.test.ts", "TypeScript", 147, 0, 0, 0, 0, 0, 0, 0, 0, 0, 0, 7, 15, 169
"/Users/siyao/Documents/DMP/DMPReborn/packages/itmat-interface/test/serverTests/permission.test.ts", "TypeScript", 3005, 0, 0, 0, 0, 0, 0, 0, 0, 0, 0, 63, 105, 3173
"/Users/siyao/Documents/DMP/DMPReborn/packages/itmat-interface/test/serverTests/standardization.test.ts", "TypeScript", 1444, 0, 0, 0, 0, 0, 0, 0, 0, 0, 0, 31, 44, 1519
"/Users/siyao/Documents/DMP/DMPReborn/packages/itmat-interface/test/serverTests/study.test.ts", "TypeScript", 4160, 0, 0, 0, 0, 0, 0, 0, 0, 0, 0, 151, 188, 4499
"/Users/siyao/Documents/DMP/DMPReborn/packages/itmat-interface/test/serverTests/users.test.ts", "TypeScript", 1574, 0, 0, 0, 0, 0, 0, 0, 0, 0, 0, 61, 111, 1746
"/Users/siyao/Documents/DMP/DMPReborn/packages/itmat-interface/test/trpcTests/_loginHelper.ts", "TypeScript", 31, 0, 0, 0, 0, 0, 0, 0, 0, 0, 0, 3, 5, 39
"/Users/siyao/Documents/DMP/DMPReborn/packages/itmat-interface/test/trpcTests/data.test.ts", "TypeScript", 2727, 0, 0, 0, 0, 0, 0, 0, 0, 0, 0, 13, 12, 2752
"/Users/siyao/Documents/DMP/DMPReborn/packages/itmat-interface/test/trpcTests/drive.test.ts", "TypeScript", 608, 0, 0, 0, 0, 0, 0, 0, 0, 0, 0, 12, 17, 637
"/Users/siyao/Documents/DMP/DMPReborn/packages/itmat-interface/test/trpcTests/job.test.ts", "TypeScript", 84, 0, 0, 0, 0, 0, 0, 0, 0, 0, 0, 11, 7, 102
"/Users/siyao/Documents/DMP/DMPReborn/packages/itmat-interface/test/trpcTests/organisation.test.ts", "TypeScript", 208, 0, 0, 0, 0, 0, 0, 0, 0, 0, 0, 11, 7, 226
"/Users/siyao/Documents/DMP/DMPReborn/packages/itmat-interface/test/trpcTests/pubkey.test.ts", "TypeScript", 70, 0, 0, 0, 0, 0, 0, 0, 0, 0, 0, 26, 8, 104
"/Users/siyao/Documents/DMP/DMPReborn/packages/itmat-interface/test/trpcTests/study.test.ts", "TypeScript", 730, 0, 0, 0, 0, 0, 0, 0, 0, 0, 0, 22, 7, 759
"/Users/siyao/Documents/DMP/DMPReborn/packages/itmat-interface/test/trpcTests/user.test.ts", "TypeScript", 436, 0, 0, 0, 0, 0, 0, 0, 0, 0, 0, 12, 8, 456
"/Users/siyao/Documents/DMP/DMPReborn/packages/itmat-interface/test/utils/database.ts", "TypeScript", 13, 0, 0, 0, 0, 0, 0, 0, 0, 0, 0, 0, 3, 16
"/Users/siyao/Documents/DMP/DMPReborn/packages/itmat-interface/test/utils/trpc.ts", "TypeScript", 18, 0, 0, 0, 0, 0, 0, 0, 0, 0, 0, 0, 1, 19
"/Users/siyao/Documents/DMP/DMPReborn/packages/itmat-interface/tsconfig.app.json", "JSON", 0, 0, 0, 0, 0, 17, 0, 0, 0, 0, 0, 2, 0, 19
"/Users/siyao/Documents/DMP/DMPReborn/packages/itmat-interface/tsconfig.json", "JSON with Comments", 0, 0, 0, 0, 13, 0, 0, 0, 0, 0, 0, 0, 0, 13
"/Users/siyao/Documents/DMP/DMPReborn/packages/itmat-interface/tsconfig.spec.json", "JSON", 0, 0, 0, 0, 0, 15, 0, 0, 0, 0, 0, 2, 0, 17
"/Users/siyao/Documents/DMP/DMPReborn/packages/itmat-interface/webpack.config.js", "JavaScript", 0, 0, 16, 0, 0, 0, 0, 0, 0, 0, 0, 0, 6, 22
"/Users/siyao/Documents/DMP/DMPReborn/packages/itmat-job-executor/.eslintrc.json", "JSON with Comments", 0, 0, 0, 0, 6, 0, 0, 0, 0, 0, 0, 28, 0, 34
"/Users/siyao/Documents/DMP/DMPReborn/packages/itmat-job-executor/config/config.sample.json", "JSON", 0, 0, 0, 0, 0, 40, 0, 0, 0, 0, 0, 0, 0, 40
"/Users/siyao/Documents/DMP/DMPReborn/packages/itmat-job-executor/jest.config.ts", "TypeScript", 10, 0, 0, 0, 0, 0, 0, 0, 0, 0, 0, 1, 1, 12
"/Users/siyao/Documents/DMP/DMPReborn/packages/itmat-job-executor/project.json", "JSON", 0, 0, 0, 0, 0, 70, 0, 0, 0, 0, 0, 0, 0, 70
"/Users/siyao/Documents/DMP/DMPReborn/packages/itmat-job-executor/src/JSONStream.d.ts", "TypeScript", 1, 0, 0, 0, 0, 0, 0, 0, 0, 0, 0, 0, 0, 1
"/Users/siyao/Documents/DMP/DMPReborn/packages/itmat-job-executor/src/database/database.ts", "TypeScript", 48, 0, 0, 0, 0, 0, 0, 0, 0, 0, 0, 1, 3, 52
"/Users/siyao/Documents/DMP/DMPReborn/packages/itmat-job-executor/src/environments/environment.prod.ts", "TypeScript", 3, 0, 0, 0, 0, 0, 0, 0, 0, 0, 0, 0, 1, 4
"/Users/siyao/Documents/DMP/DMPReborn/packages/itmat-job-executor/src/environments/environment.ts", "TypeScript", 3, 0, 0, 0, 0, 0, 0, 0, 0, 0, 0, 0, 1, 4
"/Users/siyao/Documents/DMP/DMPReborn/packages/itmat-job-executor/src/index.ts", "TypeScript", 60, 0, 0, 0, 0, 0, 0, 0, 0, 0, 0, 1, 9, 70
"/Users/siyao/Documents/DMP/DMPReborn/packages/itmat-job-executor/src/jobDispatch/dispatcher.ts", "TypeScript", 23, 0, 0, 0, 0, 0, 0, 0, 0, 0, 0, 1, 6, 30
"/Users/siyao/Documents/DMP/DMPReborn/packages/itmat-job-executor/src/jobExecutorRunner.ts", "TypeScript", 40, 0, 0, 0, 0, 0, 0, 0, 0, 0, 0, 20, 10, 70
"/Users/siyao/Documents/DMP/DMPReborn/packages/itmat-job-executor/src/jobHandlers/apiJobHandler.ts", "TypeScript", 65, 0, 0, 0, 0, 0, 0, 0, 0, 0, 0, 1, 10, 76
"/Users/siyao/Documents/DMP/DMPReborn/packages/itmat-job-executor/src/jobHandlers/jobHandlerInterface.ts", "TypeScript", 6, 0, 0, 0, 0, 0, 0, 0, 0, 0, 0, 5, 3, 14
"/Users/siyao/Documents/DMP/DMPReborn/packages/itmat-job-executor/src/jobHandlers/lxdJobHandler.ts", "TypeScript", 46, 0, 0, 0, 0, 0, 0, 0, 0, 0, 0, 10, 13, 69
"/Users/siyao/Documents/DMP/DMPReborn/packages/itmat-job-executor/src/objStore/objStore.ts", "TypeScript", 2, 0, 0, 0, 0, 0, 0, 0, 0, 0, 0, 0, 3, 5
"/Users/siyao/Documents/DMP/DMPReborn/packages/itmat-job-executor/src/query/pipeLineGenerator.ts", "TypeScript", 154, 0, 0, 0, 0, 0, 0, 0, 0, 0, 0, 80, 13, 247
"/Users/siyao/Documents/DMP/DMPReborn/packages/itmat-job-executor/src/query/queryController.ts", "TypeScript", 0, 0, 0, 0, 0, 0, 0, 0, 0, 0, 0, 87, 2, 89
"/Users/siyao/Documents/DMP/DMPReborn/packages/itmat-job-executor/src/server/router.ts", "TypeScript", 19, 0, 0, 0, 0, 0, 0, 0, 0, 0, 0, 0, 6, 25
"/Users/siyao/Documents/DMP/DMPReborn/packages/itmat-job-executor/src/server/server.ts", "TypeScript", 13, 0, 0, 0, 0, 0, 0, 0, 0, 0, 0, 0, 4, 17
"/Users/siyao/Documents/DMP/DMPReborn/packages/itmat-job-executor/src/utils/configManager.ts", "TypeScript", 29, 0, 0, 0, 0, 0, 0, 0, 0, 0, 0, 0, 9, 38
"/Users/siyao/Documents/DMP/DMPReborn/packages/itmat-job-executor/src/utils/jobUtils.ts", "TypeScript", 0, 0, 0, 0, 0, 0, 0, 0, 0, 0, 0, 0, 1, 1
"/Users/siyao/Documents/DMP/DMPReborn/packages/itmat-job-executor/src/utils/noop.ts", "TypeScript", 1, 0, 0, 0, 0, 0, 0, 0, 0, 0, 0, 1, 1, 3
"/Users/siyao/Documents/DMP/DMPReborn/packages/itmat-job-executor/test/testFiles/JSONCurator.json", "JSON", 0, 0, 0, 0, 0, 1, 0, 0, 0, 0, 0, 0, 0, 1
"/Users/siyao/Documents/DMP/DMPReborn/packages/itmat-job-executor/test/testFiles/JSONCurator_error1.json", "JSON", 0, 0, 0, 0, 0, 1, 0, 0, 0, 0, 0, 0, 0, 1
"/Users/siyao/Documents/DMP/DMPReborn/packages/itmat-job-executor/test/testFiles/JSONCurator_error2.json", "JSON", 0, 0, 0, 0, 0, 1, 0, 0, 0, 0, 0, 0, 0, 1
"/Users/siyao/Documents/DMP/DMPReborn/packages/itmat-job-executor/test/testFiles/JSONCurator_error3.json", "JSON", 0, 0, 0, 0, 0, 1, 0, 0, 0, 0, 0, 0, 0, 1
"/Users/siyao/Documents/DMP/DMPReborn/packages/itmat-job-executor/test/testFiles/JSONCurator_error4.json", "JSON", 0, 0, 0, 0, 0, 1, 0, 0, 0, 0, 0, 0, 0, 1
"/Users/siyao/Documents/DMP/DMPReborn/packages/itmat-job-executor/test/testFiles/JSONCurator_error5.json", "JSON", 0, 0, 0, 0, 0, 1, 0, 0, 0, 0, 0, 0, 0, 1
"/Users/siyao/Documents/DMP/DMPReborn/packages/itmat-job-executor/test/unit_tests/_stubHelper.ts", "TypeScript", 3, 0, 0, 0, 0, 0, 0, 0, 0, 0, 0, 0, 1, 4
"/Users/siyao/Documents/DMP/DMPReborn/packages/itmat-job-executor/test/unit_tests/csvcurator.test.ts", "TypeScript", 517, 0, 0, 0, 0, 0, 0, 0, 0, 0, 0, 1, 32, 550
"/Users/siyao/Documents/DMP/DMPReborn/packages/itmat-job-executor/test/unit_tests/fieldcurator.test.ts", "TypeScript", 335, 0, 0, 0, 0, 0, 0, 0, 0, 0, 0, 12, 19, 366
"/Users/siyao/Documents/DMP/DMPReborn/packages/itmat-job-executor/test/unit_tests/jsoncurator.test.ts", "TypeScript", 504, 0, 0, 0, 0, 0, 0, 0, 0, 0, 0, 1, 31, 536
"/Users/siyao/Documents/DMP/DMPReborn/packages/itmat-job-executor/tsconfig.app.json", "JSON", 0, 0, 0, 0, 0, 17, 0, 0, 0, 0, 0, 2, 0, 19
"/Users/siyao/Documents/DMP/DMPReborn/packages/itmat-job-executor/tsconfig.json", "JSON with Comments", 0, 0, 0, 0, 13, 0, 0, 0, 0, 0, 0, 0, 0, 13
"/Users/siyao/Documents/DMP/DMPReborn/packages/itmat-job-executor/tsconfig.spec.json", "JSON", 0, 0, 0, 0, 0, 15, 0, 0, 0, 0, 0, 2, 0, 17
"/Users/siyao/Documents/DMP/DMPReborn/packages/itmat-job-executor/webpack.config.js", "JavaScript", 0, 0, 16, 0, 0, 0, 0, 0, 0, 0, 0, 0, 6, 22
"/Users/siyao/Documents/DMP/DMPReborn/packages/itmat-models/.eslintrc.json", "JSON with Comments", 0, 0, 0, 0, 6, 0, 0, 0, 0, 0, 0, 28, 0, 34
"/Users/siyao/Documents/DMP/DMPReborn/packages/itmat-models/.lib.swcrc", "JSON with Comments", 0, 0, 0, 0, 31, 0, 0, 0, 0, 0, 0, 0, 0, 31
"/Users/siyao/Documents/DMP/DMPReborn/packages/itmat-models/README.md", "Markdown", 0, 6, 0, 0, 0, 0, 0, 0, 0, 0, 0, 0, 6, 12
"/Users/siyao/Documents/DMP/DMPReborn/packages/itmat-models/jest.config.ts", "TypeScript", 13, 0, 0, 0, 0, 0, 0, 0, 0, 0, 0, 3, 2, 18
"/Users/siyao/Documents/DMP/DMPReborn/packages/itmat-models/package.json", "JSON", 0, 0, 0, 0, 0, 5, 0, 0, 0, 0, 0, 0, 0, 5
"/Users/siyao/Documents/DMP/DMPReborn/packages/itmat-models/project.json", "JSON", 0, 0, 0, 0, 0, 34, 0, 0, 0, 0, 0, 12, 0, 46
"/Users/siyao/Documents/DMP/DMPReborn/packages/itmat-models/src/graphql/appUsers.ts", "TypeScript", 2, 0, 0, 0, 0, 0, 0, 0, 0, 0, 0, 44, 5, 51
"/Users/siyao/Documents/DMP/DMPReborn/packages/itmat-models/src/graphql/config.ts", "TypeScript", 6, 0, 0, 0, 0, 0, 0, 0, 0, 0, 0, 0, 2, 8
"/Users/siyao/Documents/DMP/DMPReborn/packages/itmat-models/src/graphql/curation.ts", "TypeScript", 17, 0, 0, 0, 0, 0, 0, 0, 0, 0, 0, 24, 5, 46
"/Users/siyao/Documents/DMP/DMPReborn/packages/itmat-models/src/graphql/data.ts", "TypeScript", 96, 0, 0, 0, 0, 0, 0, 0, 0, 0, 0, 64, 15, 175
"/Users/siyao/Documents/DMP/DMPReborn/packages/itmat-models/src/graphql/doc.ts", "TypeScript", 99, 0, 0, 0, 0, 0, 0, 0, 0, 0, 0, 0, 3, 102
"/Users/siyao/Documents/DMP/DMPReborn/packages/itmat-models/src/graphql/files.ts", "TypeScript", 27, 0, 0, 0, 0, 0, 0, 0, 0, 0, 0, 0, 3, 30
"/Users/siyao/Documents/DMP/DMPReborn/packages/itmat-models/src/graphql/index.ts", "TypeScript", 33, 0, 0, 0, 0, 0, 0, 0, 0, 0, 0, 0, 1, 34
"/Users/siyao/Documents/DMP/DMPReborn/packages/itmat-models/src/graphql/log.ts", "TypeScript", 1, 0, 0, 0, 0, 0, 0, 0, 0, 0, 0, 29, 2, 32
"/Users/siyao/Documents/DMP/DMPReborn/packages/itmat-models/src/graphql/organisation.ts", "TypeScript", 66, 0, 0, 0, 0, 0, 0, 0, 0, 0, 0, 0, 5, 71
"/Users/siyao/Documents/DMP/DMPReborn/packages/itmat-models/src/graphql/permission.ts", "TypeScript", 1, 0, 0, 0, 0, 0, 0, 0, 0, 0, 0, 70, 5, 76
"/Users/siyao/Documents/DMP/DMPReborn/packages/itmat-models/src/graphql/projects.ts", "TypeScript", 3, 0, 0, 0, 0, 0, 0, 0, 0, 0, 0, 59, 4, 66
"/Users/siyao/Documents/DMP/DMPReborn/packages/itmat-models/src/graphql/pubkey.ts", "TypeScript", 1, 0, 0, 0, 0, 0, 0, 0, 0, 0, 0, 63, 7, 71
"/Users/siyao/Documents/DMP/DMPReborn/packages/itmat-models/src/graphql/query.ts", "TypeScript", 1, 0, 0, 0, 0, 0, 0, 0, 0, 0, 0, 45, 5, 51
"/Users/siyao/Documents/DMP/DMPReborn/packages/itmat-models/src/graphql/standardization.ts", "TypeScript", 1, 0, 0, 0, 0, 0, 0, 0, 0, 0, 0, 55, 4, 60
"/Users/siyao/Documents/DMP/DMPReborn/packages/itmat-models/src/graphql/study.ts", "TypeScript", 145, 0, 0, 0, 0, 0, 0, 0, 0, 0, 0, 0, 16, 161
"/Users/siyao/Documents/DMP/DMPReborn/packages/itmat-models/src/graphql/subscription.ts", "TypeScript", 1, 0, 0, 0, 0, 0, 0, 0, 0, 0, 0, 9, 3, 13
"/Users/siyao/Documents/DMP/DMPReborn/packages/itmat-models/src/graphql/user.ts", "TypeScript", 337, 0, 0, 0, 0, 0, 0, 0, 0, 0, 0, 0, 23, 360
"/Users/siyao/Documents/DMP/DMPReborn/packages/itmat-models/src/graphql/utils.ts", "TypeScript", 9, 0, 0, 0, 0, 0, 0, 0, 0, 0, 0, 0, 2, 11
"/Users/siyao/Documents/DMP/DMPReborn/packages/itmat-models/src/index.ts", "TypeScript", 1, 0, 0, 0, 0, 0, 0, 0, 0, 0, 0, 0, 0, 1
"/Users/siyao/Documents/DMP/DMPReborn/packages/itmat-models/tsconfig.json", "JSON with Comments", 0, 0, 0, 0, 22, 0, 0, 0, 0, 0, 0, 0, 0, 22
"/Users/siyao/Documents/DMP/DMPReborn/packages/itmat-models/tsconfig.lib.json", "JSON", 0, 0, 0, 0, 0, 13, 0, 0, 0, 0, 0, 5, 0, 18
"/Users/siyao/Documents/DMP/DMPReborn/packages/itmat-models/tsconfig.spec.json", "JSON", 0, 0, 0, 0, 0, 15, 0, 0, 0, 0, 0, 2, 0, 17
"/Users/siyao/Documents/DMP/DMPReborn/packages/itmat-setup/.eslintrc.json", "JSON with Comments", 0, 0, 0, 0, 6, 0, 0, 0, 0, 0, 0, 28, 0, 34
"/Users/siyao/Documents/DMP/DMPReborn/packages/itmat-setup/README.md", "Markdown", 0, 6, 0, 0, 0, 0, 0, 0, 0, 0, 0, 0, 9, 15
"/Users/siyao/Documents/DMP/DMPReborn/packages/itmat-setup/jest.config.ts", "TypeScript", 15, 0, 0, 0, 0, 0, 0, 0, 0, 0, 0, 1, 1, 17
"/Users/siyao/Documents/DMP/DMPReborn/packages/itmat-setup/package.json", "JSON", 0, 0, 0, 0, 0, 4, 0, 0, 0, 0, 0, 0, 0, 4
"/Users/siyao/Documents/DMP/DMPReborn/packages/itmat-setup/project.json", "JSON", 0, 0, 0, 0, 0, 46, 0, 0, 0, 0, 0, 10, 0, 56
"/Users/siyao/Documents/DMP/DMPReborn/packages/itmat-setup/src/databaseSetup/collectionsAndIndexes.ts", "TypeScript", 151, 0, 0, 0, 0, 0, 0, 0, 0, 0, 0, 4, 8, 163
"/Users/siyao/Documents/DMP/DMPReborn/packages/itmat-setup/src/databaseSetup/seed/organisations.ts", "TypeScript", 16, 0, 0, 0, 0, 0, 0, 0, 0, 0, 0, 0, 1, 17
"/Users/siyao/Documents/DMP/DMPReborn/packages/itmat-setup/src/databaseSetup/seed/users.ts", "TypeScript", 46, 0, 0, 0, 0, 0, 0, 0, 0, 0, 0, 0, 1, 47
"/Users/siyao/Documents/DMP/DMPReborn/packages/itmat-setup/src/index.ts", "TypeScript", 1, 0, 0, 0, 0, 0, 0, 0, 0, 0, 0, 0, 1, 2
"/Users/siyao/Documents/DMP/DMPReborn/packages/itmat-setup/src/runSetup.ts", "TypeScript", 17, 0, 0, 0, 0, 0, 0, 0, 0, 0, 0, 0, 3, 20
"/Users/siyao/Documents/DMP/DMPReborn/packages/itmat-setup/tsconfig.json", "JSON with Comments", 0, 0, 0, 0, 19, 0, 0, 0, 0, 0, 0, 0, 0, 19
"/Users/siyao/Documents/DMP/DMPReborn/packages/itmat-setup/tsconfig.lib.json", "JSON", 0, 0, 0, 0, 0, 17, 0, 0, 0, 0, 0, 2, 0, 19
"/Users/siyao/Documents/DMP/DMPReborn/packages/itmat-setup/tsconfig.spec.json", "JSON", 0, 0, 0, 0, 0, 21, 0, 0, 0, 0, 0, 2, 0, 23
"/Users/siyao/Documents/DMP/DMPReborn/packages/itmat-types/.eslintrc.json", "JSON with Comments", 0, 0, 0, 0, 6, 0, 0, 0, 0, 0, 0, 28, 0, 34
"/Users/siyao/Documents/DMP/DMPReborn/packages/itmat-types/.lib.swcrc", "JSON with Comments", 0, 0, 0, 0, 31, 0, 0, 0, 0, 0, 0, 0, 0, 31
"/Users/siyao/Documents/DMP/DMPReborn/packages/itmat-types/README.md", "Markdown", 0, 6, 0, 0, 0, 0, 0, 0, 0, 0, 0, 0, 6, 12
"/Users/siyao/Documents/DMP/DMPReborn/packages/itmat-types/jest.config.ts", "TypeScript", 13, 0, 0, 0, 0, 0, 0, 0, 0, 0, 0, 3, 2, 18
"/Users/siyao/Documents/DMP/DMPReborn/packages/itmat-types/package.json", "JSON", 0, 0, 0, 0, 0, 5, 0, 0, 0, 0, 0, 0, 0, 5
"/Users/siyao/Documents/DMP/DMPReborn/packages/itmat-types/project.json", "JSON", 0, 0, 0, 0, 0, 34, 0, 0, 0, 0, 0, 12, 1, 47
"/Users/siyao/Documents/DMP/DMPReborn/packages/itmat-types/src/devices.ts", "TypeScript", 25, 0, 0, 0, 0, 0, 0, 0, 0, 0, 0, 0, 1, 26
"/Users/siyao/Documents/DMP/DMPReborn/packages/itmat-types/src/index.ts", "TypeScript", 2, 0, 0, 0, 0, 0, 0, 0, 0, 0, 0, 0, 0, 2
"/Users/siyao/Documents/DMP/DMPReborn/packages/itmat-types/src/types/base.ts", "TypeScript", 25, 0, 0, 0, 0, 0, 0, 0, 0, 0, 0, 0, 3, 28
"/Users/siyao/Documents/DMP/DMPReborn/packages/itmat-types/src/types/cache.ts", "TypeScript", 11, 0, 0, 0, 0, 0, 0, 0, 0, 0, 0, 1, 2, 14
"/Users/siyao/Documents/DMP/DMPReborn/packages/itmat-types/src/types/config.ts", "TypeScript", 180, 0, 0, 0, 0, 0, 0, 0, 0, 0, 0, 2, 18, 200
"/Users/siyao/Documents/DMP/DMPReborn/packages/itmat-types/src/types/data.ts", "TypeScript", 58, 0, 0, 0, 0, 0, 0, 0, 0, 0, 0, 0, 9, 67
"/Users/siyao/Documents/DMP/DMPReborn/packages/itmat-types/src/types/doc.ts", "TypeScript", 16, 0, 0, 0, 0, 0, 0, 0, 0, 0, 0, 0, 3, 19
"/Users/siyao/Documents/DMP/DMPReborn/packages/itmat-types/src/types/drive.ts", "TypeScript", 24, 0, 0, 0, 0, 0, 0, 0, 0, 0, 0, 1, 4, 29
"/Users/siyao/Documents/DMP/DMPReborn/packages/itmat-types/src/types/file.ts", "TypeScript", 47, 0, 0, 0, 0, 0, 0, 0, 0, 0, 0, 3, 5, 55
"/Users/siyao/Documents/DMP/DMPReborn/packages/itmat-types/src/types/group.ts", "TypeScript", 14, 0, 0, 0, 0, 0, 0, 0, 0, 0, 0, 0, 2, 16
"/Users/siyao/Documents/DMP/DMPReborn/packages/itmat-types/src/types/index.ts", "TypeScript", 38, 0, 0, 0, 0, 0, 0, 0, 0, 0, 0, 0, 3, 41
"/Users/siyao/Documents/DMP/DMPReborn/packages/itmat-types/src/types/job.ts", "TypeScript", 61, 0, 0, 0, 0, 0, 0, 0, 0, 0, 0, 2, 9, 72
"/Users/siyao/Documents/DMP/DMPReborn/packages/itmat-types/src/types/log.ts", "TypeScript", 81, 0, 0, 0, 0, 0, 0, 0, 0, 0, 0, 10, 16, 107
"/Users/siyao/Documents/DMP/DMPReborn/packages/itmat-types/src/types/organisation.ts", "TypeScript", 0, 0, 0, 0, 0, 0, 0, 0, 0, 0, 0, 0, 1, 1
"/Users/siyao/Documents/DMP/DMPReborn/packages/itmat-types/src/types/permission.ts", "TypeScript", 32, 0, 0, 0, 0, 0, 0, 0, 0, 0, 0, 9, 9, 50
"/Users/siyao/Documents/DMP/DMPReborn/packages/itmat-types/src/types/pubkey.ts", "TypeScript", 20, 0, 0, 0, 0, 0, 0, 0, 0, 0, 0, 0, 5, 25
"/Users/siyao/Documents/DMP/DMPReborn/packages/itmat-types/src/types/query.ts", "TypeScript", 62, 0, 0, 0, 0, 0, 0, 0, 0, 0, 0, 1, 8, 71
"/Users/siyao/Documents/DMP/DMPReborn/packages/itmat-types/src/types/reserved.ts", "TypeScript", 3, 0, 0, 0, 0, 0, 0, 0, 0, 0, 0, 0, 1, 4
"/Users/siyao/Documents/DMP/DMPReborn/packages/itmat-types/src/types/response.ts", "TypeScript", 6, 0, 0, 0, 0, 0, 0, 0, 0, 0, 0, 0, 1, 7
"/Users/siyao/Documents/DMP/DMPReborn/packages/itmat-types/src/types/standardization.ts", "TypeScript", 27, 0, 0, 0, 0, 0, 0, 0, 0, 0, 0, 3, 3, 33
"/Users/siyao/Documents/DMP/DMPReborn/packages/itmat-types/src/types/study.ts", "TypeScript", 37, 0, 0, 0, 0, 0, 0, 0, 0, 0, 0, 62, 13, 112
"/Users/siyao/Documents/DMP/DMPReborn/packages/itmat-types/src/types/tree.ts", "TypeScript", 0, 0, 0, 0, 0, 0, 0, 0, 0, 0, 0, 7, 1, 8
"/Users/siyao/Documents/DMP/DMPReborn/packages/itmat-types/src/types/user.ts", "TypeScript", 34, 0, 0, 0, 0, 0, 0, 0, 0, 0, 0, 0, 6, 40
"/Users/siyao/Documents/DMP/DMPReborn/packages/itmat-types/src/types/utils.ts", "TypeScript", 59, 0, 0, 0, 0, 0, 0, 0, 0, 0, 0, 2, 8, 69
"/Users/siyao/Documents/DMP/DMPReborn/packages/itmat-types/tsconfig.json", "JSON with Comments", 0, 0, 0, 0, 22, 0, 0, 0, 0, 0, 0, 0, 0, 22
"/Users/siyao/Documents/DMP/DMPReborn/packages/itmat-types/tsconfig.lib.json", "JSON", 0, 0, 0, 0, 0, 13, 0, 0, 0, 0, 0, 5, 0, 18
"/Users/siyao/Documents/DMP/DMPReborn/packages/itmat-types/tsconfig.spec.json", "JSON", 0, 0, 0, 0, 0, 15, 0, 0, 0, 0, 0, 2, 0, 17
"/Users/siyao/Documents/DMP/DMPReborn/packages/itmat-ui-react-e2e/.eslintrc.json", "JSON with Comments", 0, 0, 0, 0, 7, 0, 0, 0, 0, 0, 0, 23, 0, 30
"/Users/siyao/Documents/DMP/DMPReborn/packages/itmat-ui-react-e2e/cypress.config.ts", "TypeScript", 5, 0, 0, 0, 0, 0, 0, 0, 0, 0, 0, 0, 2, 7
"/Users/siyao/Documents/DMP/DMPReborn/packages/itmat-ui-react-e2e/project.json", "JSON", 0, 0, 0, 0, 0, 36, 0, 0, 0, 0, 0, 0, 0, 36
"/Users/siyao/Documents/DMP/DMPReborn/packages/itmat-ui-react-e2e/src/e2e/app.cy.ts", "TypeScript", 8, 0, 0, 0, 0, 0, 0, 0, 0, 0, 0, 2, 4, 14
"/Users/siyao/Documents/DMP/DMPReborn/packages/itmat-ui-react-e2e/src/fixtures/example.json", "JSON", 0, 0, 0, 0, 0, 4, 0, 0, 0, 0, 0, 0, 0, 4
"/Users/siyao/Documents/DMP/DMPReborn/packages/itmat-ui-react-e2e/src/support/app.po.ts", "TypeScript", 1, 0, 0, 0, 0, 0, 0, 0, 0, 0, 0, 0, 1, 2
"/Users/siyao/Documents/DMP/DMPReborn/packages/itmat-ui-react-e2e/src/support/commands.ts", "TypeScript", 8, 0, 0, 0, 0, 0, 0, 0, 0, 0, 0, 24, 2, 34
"/Users/siyao/Documents/DMP/DMPReborn/packages/itmat-ui-react-e2e/src/support/e2e.ts", "TypeScript", 1, 0, 0, 0, 0, 0, 0, 0, 0, 0, 0, 15, 2, 18
"/Users/siyao/Documents/DMP/DMPReborn/packages/itmat-ui-react-e2e/tsconfig.json", "JSON with Comments", 0, 0, 0, 0, 17, 0, 0, 0, 0, 0, 0, 0, 0, 17
"/Users/siyao/Documents/DMP/DMPReborn/packages/itmat-ui-react/.eslintrc.json", "JSON with Comments", 0, 0, 0, 0, 7, 0, 0, 0, 0, 0, 0, 31, 0, 38
"/Users/siyao/Documents/DMP/DMPReborn/packages/itmat-ui-react/jest.config.ts", "TypeScript", 10, 0, 0, 0, 0, 0, 0, 0, 0, 0, 0, 1, 1, 12
"/Users/siyao/Documents/DMP/DMPReborn/packages/itmat-ui-react/project.json", "JSON", 0, 0, 0, 0, 0, 95, 0, 0, 0, 0, 0, 0, 0, 95
"/Users/siyao/Documents/DMP/DMPReborn/packages/itmat-ui-react/proxy.conf.js", "JavaScript", 0, 0, 56, 0, 0, 0, 0, 0, 0, 0, 0, 0, 1, 57
"/Users/siyao/Documents/DMP/DMPReborn/packages/itmat-ui-react/src/App.tsx", "TypeScript JSX", 0, 0, 0, 0, 0, 0, 0, 13, 0, 0, 0, 0, 4, 17
"/Users/siyao/Documents/DMP/DMPReborn/packages/itmat-ui-react/src/Fence.tsx", "TypeScript JSX", 0, 0, 0, 0, 0, 0, 0, 36, 0, 0, 0, 5, 3, 44
"/Users/siyao/Documents/DMP/DMPReborn/packages/itmat-ui-react/src/Providers.tsx", "TypeScript JSX", 0, 0, 0, 0, 0, 0, 0, 15, 0, 0, 0, 0, 3, 18
"/Users/siyao/Documents/DMP/DMPReborn/packages/itmat-ui-react/src/assets/manifest.json", "JSON", 0, 0, 0, 0, 0, 15, 0, 0, 0, 0, 0, 0, 0, 15
"/Users/siyao/Documents/DMP/DMPReborn/packages/itmat-ui-react/src/components/apolloClient.ts", "TypeScript", 73, 0, 0, 0, 0, 0, 0, 0, 0, 0, 0, 2, 6, 81
"/Users/siyao/Documents/DMP/DMPReborn/packages/itmat-ui-react/src/components/dataset/dataset.module.css", "CSS", 0, 0, 0, 0, 0, 0, 0, 0, 0, 64, 0, 26, 12, 102
"/Users/siyao/Documents/DMP/DMPReborn/packages/itmat-ui-react/src/components/dataset/dataset.tsx", "TypeScript JSX", 0, 0, 0, 0, 0, 0, 0, 103, 0, 0, 0, 1, 9, 113
"/Users/siyao/Documents/DMP/DMPReborn/packages/itmat-ui-react/src/components/dataset/index.tsx", "TypeScript JSX", 0, 0, 0, 0, 0, 0, 0, 9, 0, 0, 0, 0, 2, 11
"/Users/siyao/Documents/DMP/DMPReborn/packages/itmat-ui-react/src/components/datasetDetail/index.tsx", "TypeScript JSX", 0, 0, 0, 0, 0, 0, 0, 67, 0, 0, 0, 7, 2, 76
"/Users/siyao/Documents/DMP/DMPReborn/packages/itmat-ui-react/src/components/datasetDetail/projectPage.module.css", "CSS", 0, 0, 0, 0, 0, 0, 0, 0, 0, 55, 0, 0, 7, 62
"/Users/siyao/Documents/DMP/DMPReborn/packages/itmat-ui-react/src/components/datasetDetail/tabContent/dashboard/dashboard.module.css", "CSS", 0, 0, 0, 0, 0, 0, 0, 0, 0, 65, 0, 2, 14, 81
"/Users/siyao/Documents/DMP/DMPReborn/packages/itmat-ui-react/src/components/datasetDetail/tabContent/dashboard/dashboardTab.tsx", "TypeScript JSX", 0, 0, 0, 0, 0, 0, 0, 106, 0, 0, 0, 2, 5, 113
"/Users/siyao/Documents/DMP/DMPReborn/packages/itmat-ui-react/src/components/datasetDetail/tabContent/dataStatistics/dataStatistics.module.css", "CSS", 0, 0, 0, 0, 0, 0, 0, 0, 0, 39, 0, 12, 6, 57
"/Users/siyao/Documents/DMP/DMPReborn/packages/itmat-ui-react/src/components/datasetDetail/tabContent/dataStatistics/dataStatistics.tsx", "TypeScript JSX", 0, 0, 0, 0, 0, 0, 0, 123, 0, 0, 0, 6, 14, 143
"/Users/siyao/Documents/DMP/DMPReborn/packages/itmat-ui-react/src/components/datasetDetail/tabContent/fileRepo/fileRepo.module.css", "CSS", 0, 0, 0, 0, 0, 0, 0, 0, 0, 87, 0, 10, 15, 112
"/Users/siyao/Documents/DMP/DMPReborn/packages/itmat-ui-react/src/components/datasetDetail/tabContent/fileRepo/fileRepoTab.tsx", "TypeScript JSX", 0, 0, 0, 0, 0, 0, 0, 330, 0, 0, 0, 4, 16, 350
"/Users/siyao/Documents/DMP/DMPReborn/packages/itmat-ui-react/src/components/datasetDetail/tabContent/index.tsx", "TypeScript JSX", 0, 0, 0, 0, 0, 0, 0, 1, 0, 0, 0, 5, 0, 6
"/Users/siyao/Documents/DMP/DMPReborn/packages/itmat-ui-react/src/components/documents/document.module.css", "CSS", 0, 0, 0, 0, 0, 0, 0, 0, 0, 61, 0, 17, 12, 90
"/Users/siyao/Documents/DMP/DMPReborn/packages/itmat-ui-react/src/components/documents/documents.tsx", "TypeScript JSX", 0, 0, 0, 0, 0, 0, 0, 299, 0, 0, 0, 3, 15, 317
"/Users/siyao/Documents/DMP/DMPReborn/packages/itmat-ui-react/src/components/documents/index.tsx", "TypeScript JSX", 0, 0, 0, 0, 0, 0, 0, 9, 0, 0, 0, 0, 2, 11
"/Users/siyao/Documents/DMP/DMPReborn/packages/itmat-ui-react/src/components/job/index.tsx", "TypeScript JSX", 0, 0, 0, 0, 0, 0, 0, 9, 0, 0, 0, 0, 3, 12
"/Users/siyao/Documents/DMP/DMPReborn/packages/itmat-ui-react/src/components/job/job.module.css", "CSS", 0, 0, 0, 0, 0, 0, 0, 0, 0, 26, 0, 10, 4, 40
"/Users/siyao/Documents/DMP/DMPReborn/packages/itmat-ui-react/src/components/job/job.tsx", "TypeScript JSX", 0, 0, 0, 0, 0, 0, 0, 286, 0, 0, 0, 2, 5, 293
"/Users/siyao/Documents/DMP/DMPReborn/packages/itmat-ui-react/src/components/login/login.module.css", "CSS", 0, 0, 0, 0, 0, 0, 0, 0, 0, 111, 0, 49, 22, 182
"/Users/siyao/Documents/DMP/DMPReborn/packages/itmat-ui-react/src/components/login/login.tsx", "TypeScript JSX", 0, 0, 0, 0, 0, 0, 0, 111, 0, 0, 0, 0, 5, 116
"/Users/siyao/Documents/DMP/DMPReborn/packages/itmat-ui-react/src/components/login/register.tsx", "TypeScript JSX", 0, 0, 0, 0, 0, 0, 0, 119, 0, 0, 0, 1, 6, 126
"/Users/siyao/Documents/DMP/DMPReborn/packages/itmat-ui-react/src/components/login/requestResetPasswordPage.tsx", "TypeScript JSX", 0, 0, 0, 0, 0, 0, 0, 103, 0, 0, 0, 0, 6, 109
"/Users/siyao/Documents/DMP/DMPReborn/packages/itmat-ui-react/src/components/login/resetPasswordPage.tsx", "TypeScript JSX", 0, 0, 0, 0, 0, 0, 0, 126, 0, 0, 0, 0, 6, 132
"/Users/siyao/Documents/DMP/DMPReborn/packages/itmat-ui-react/src/components/organisations/index.tsx", "TypeScript JSX", 0, 0, 0, 0, 0, 0, 0, 9, 0, 0, 0, 0, 2, 11
"/Users/siyao/Documents/DMP/DMPReborn/packages/itmat-ui-react/src/components/organisations/organisations.module.css", "CSS", 0, 0, 0, 0, 0, 0, 0, 0, 0, 66, 0, 15, 14, 95
"/Users/siyao/Documents/DMP/DMPReborn/packages/itmat-ui-react/src/components/organisations/organisations.tsx", "TypeScript JSX", 0, 0, 0, 0, 0, 0, 0, 302, 0, 0, 0, 2, 9, 313
"/Users/siyao/Documents/DMP/DMPReborn/packages/itmat-ui-react/src/components/profile/file.tsx", "TypeScript JSX", 0, 0, 0, 0, 0, 0, 0, 529, 0, 0, 0, 43, 19, 591
"/Users/siyao/Documents/DMP/DMPReborn/packages/itmat-ui-react/src/components/profile/group.tsx", "TypeScript JSX", 0, 0, 0, 0, 0, 0, 0, 79, 0, 0, 0, 0, 4, 83
"/Users/siyao/Documents/DMP/DMPReborn/packages/itmat-ui-react/src/components/profile/index.tsx", "TypeScript JSX", 0, 0, 0, 0, 0, 0, 0, 19, 0, 0, 0, 0, 2, 21
"/Users/siyao/Documents/DMP/DMPReborn/packages/itmat-ui-react/src/components/profile/keys.tsx", "TypeScript JSX", 0, 0, 0, 0, 0, 0, 0, 225, 0, 0, 0, 6, 12, 243
"/Users/siyao/Documents/DMP/DMPReborn/packages/itmat-ui-react/src/components/profile/profile.module.css", "CSS", 0, 0, 0, 0, 0, 0, 0, 0, 0, 122, 0, 15, 25, 162
"/Users/siyao/Documents/DMP/DMPReborn/packages/itmat-ui-react/src/components/profile/profile.tsx", "TypeScript JSX", 0, 0, 0, 0, 0, 0, 0, 309, 0, 0, 0, 368, 61, 738
"/Users/siyao/Documents/DMP/DMPReborn/packages/itmat-ui-react/src/components/reusable/fieldList/fieldList.tsx", "TypeScript JSX", 0, 0, 0, 0, 0, 0, 0, 126, 0, 0, 0, 0, 2, 128
"/Users/siyao/Documents/DMP/DMPReborn/packages/itmat-ui-react/src/components/reusable/fileList/fileList.tsx", "TypeScript JSX", 0, 0, 0, 0, 0, 0, 0, 284, 0, 0, 0, 0, 11, 295
"/Users/siyao/Documents/DMP/DMPReborn/packages/itmat-ui-react/src/components/reusable/index.tsx", "TypeScript JSX", 0, 0, 0, 0, 0, 0, 0, 1, 0, 0, 0, 0, 1, 2
"/Users/siyao/Documents/DMP/DMPReborn/packages/itmat-ui-react/src/components/reusable/loadSpinner/index.tsx", "TypeScript JSX", 0, 0, 0, 0, 0, 0, 0, 17, 0, 0, 0, 0, 4, 21
"/Users/siyao/Documents/DMP/DMPReborn/packages/itmat-ui-react/src/components/reusable/loadSpinner/loadSpinner.module.css", "CSS", 0, 0, 0, 0, 0, 0, 0, 0, 0, 67, 0, 0, 7, 74
"/Users/siyao/Documents/DMP/DMPReborn/packages/itmat-ui-react/src/components/reusable/roleControlSection/roleControlSection.module.css", "CSS", 0, 0, 0, 0, 0, 0, 0, 0, 0, 95, 0, 0, 21, 116
"/Users/siyao/Documents/DMP/DMPReborn/packages/itmat-ui-react/src/components/reusable/roleControlSection/roleControlSection.tsx", "TypeScript JSX", 0, 0, 0, 0, 0, 0, 0, 14, 0, 0, 0, 525, 29, 568
"/Users/siyao/Documents/DMP/DMPReborn/packages/itmat-ui-react/src/components/reusable/subsection/subsection.module.css", "CSS", 0, 0, 0, 0, 0, 0, 0, 0, 0, 12, 0, 0, 2, 14
"/Users/siyao/Documents/DMP/DMPReborn/packages/itmat-ui-react/src/components/reusable/subsection/subsection.tsx", "TypeScript JSX", 0, 0, 0, 0, 0, 0, 0, 18, 0, 0, 0, 0, 3, 21
"/Users/siyao/Documents/DMP/DMPReborn/packages/itmat-ui-react/src/components/scaffold/mainMenuBar.tsx", "TypeScript JSX", 0, 0, 0, 0, 0, 0, 0, 108, 0, 0, 0, 0, 8, 116
"/Users/siyao/Documents/DMP/DMPReborn/packages/itmat-ui-react/src/components/scaffold/mainPanel.tsx", "TypeScript JSX", 0, 0, 0, 0, 0, 0, 0, 26, 0, 0, 0, 11, 3, 40
"/Users/siyao/Documents/DMP/DMPReborn/packages/itmat-ui-react/src/components/scaffold/scaffold.module.css", "CSS", 0, 0, 0, 0, 0, 0, 0, 0, 0, 54, 0, 0, 9, 63
"/Users/siyao/Documents/DMP/DMPReborn/packages/itmat-ui-react/src/components/scaffold/statusBar.tsx", "TypeScript JSX", 0, 0, 0, 0, 0, 0, 0, 9, 0, 0, 0, 0, 2, 11
"/Users/siyao/Documents/DMP/DMPReborn/packages/itmat-ui-react/src/components/users/index.tsx", "TypeScript JSX", 0, 0, 0, 0, 0, 0, 0, 9, 0, 0, 0, 0, 2, 11
"/Users/siyao/Documents/DMP/DMPReborn/packages/itmat-ui-react/src/components/users/users.module.css", "CSS", 0, 0, 0, 0, 0, 0, 0, 0, 0, 66, 0, 15, 11, 92
"/Users/siyao/Documents/DMP/DMPReborn/packages/itmat-ui-react/src/components/users/users.tsx", "TypeScript JSX", 0, 0, 0, 0, 0, 0, 0, 281, 0, 0, 0, 7, 10, 298
"/Users/siyao/Documents/DMP/DMPReborn/packages/itmat-ui-react/src/css/antd.css", "CSS", 0, 0, 0, 0, 0, 0, 0, 0, 0, 1, 0, 69, 1, 71
"/Users/siyao/Documents/DMP/DMPReborn/packages/itmat-ui-react/src/css/global.css", "CSS", 0, 0, 0, 0, 0, 0, 0, 0, 0, 223, 0, 7, 35, 265
"/Users/siyao/Documents/DMP/DMPReborn/packages/itmat-ui-react/src/css/query.module.css", "CSS", 0, 0, 0, 0, 0, 0, 0, 0, 0, 83, 0, 0, 13, 96
"/Users/siyao/Documents/DMP/DMPReborn/packages/itmat-ui-react/src/css/studyControl.module.css", "CSS", 0, 0, 0, 0, 0, 0, 0, 0, 0, 40, 0, 0, 6, 46
"/Users/siyao/Documents/DMP/DMPReborn/packages/itmat-ui-react/src/environments/environment.prod.ts", "TypeScript", 3, 0, 0, 0, 0, 0, 0, 0, 0, 0, 0, 0, 1, 4
"/Users/siyao/Documents/DMP/DMPReborn/packages/itmat-ui-react/src/environments/environment.ts", "TypeScript", 3, 0, 0, 0, 0, 0, 0, 0, 0, 0, 0, 2, 2, 7
"/Users/siyao/Documents/DMP/DMPReborn/packages/itmat-ui-react/src/index.html", "HTML", 0, 0, 0, 0, 0, 0, 0, 0, 16, 0, 0, 0, 4, 20
"/Users/siyao/Documents/DMP/DMPReborn/packages/itmat-ui-react/src/index.tsx", "TypeScript JSX", 0, 0, 0, 0, 0, 0, 0, 54, 0, 0, 0, 1, 6, 61
"/Users/siyao/Documents/DMP/DMPReborn/packages/itmat-ui-react/src/polyfills.ts", "TypeScript", 2, 0, 0, 0, 0, 0, 0, 0, 0, 0, 0, 5, 1, 8
"/Users/siyao/Documents/DMP/DMPReborn/packages/itmat-ui-react/src/registerServiceWorker.ts", "TypeScript", 84, 0, 0, 0, 0, 0, 0, 0, 0, 0, 0, 29, 11, 124
"/Users/siyao/Documents/DMP/DMPReborn/packages/itmat-ui-react/src/styles.css", "CSS", 0, 0, 0, 0, 0, 0, 0, 0, 0, 2, 0, 0, 0, 2
"/Users/siyao/Documents/DMP/DMPReborn/packages/itmat-ui-react/src/utils/dmpCrypto/dmp.constant.ts", "TypeScript", 62, 0, 0, 0, 0, 0, 0, 0, 0, 0, 0, 0, 5, 67
"/Users/siyao/Documents/DMP/DMPReborn/packages/itmat-ui-react/src/utils/dmpCrypto/dmp.crypto.ts", "TypeScript", 6, 0, 0, 0, 0, 0, 0, 0, 0, 0, 0, 0, 3, 9
"/Users/siyao/Documents/DMP/DMPReborn/packages/itmat-ui-react/src/utils/dmpCrypto/dmp.key.ts", "TypeScript", 234, 0, 0, 0, 0, 0, 0, 0, 0, 0, 0, 5, 42, 281
"/Users/siyao/Documents/DMP/DMPReborn/packages/itmat-ui-react/src/utils/dmpCrypto/dmp.utils.ts", "TypeScript", 218, 0, 0, 0, 0, 0, 0, 0, 0, 0, 0, 14, 33, 265
"/Users/siyao/Documents/DMP/DMPReborn/packages/itmat-ui-react/src/utils/dmpCrypto/msrCrypto.d.ts", "TypeScript", 36, 0, 0, 0, 0, 0, 0, 0, 0, 0, 0, 0, 1, 37
"/Users/siyao/Documents/DMP/DMPReborn/packages/itmat-ui-react/src/utils/dmpCrypto/msrCrypto.js", "JavaScript", 0, 0, 6991, 0, 0, 0, 0, 0, 0, 0, 0, 17, 2274, 9282
"/Users/siyao/Documents/DMP/DMPReborn/packages/itmat-ui-react/src/utils/dmpCrypto/nng.websocket.ts", "TypeScript", 88, 0, 0, 0, 0, 0, 0, 0, 0, 0, 0, 1, 17, 106
"/Users/siyao/Documents/DMP/DMPReborn/packages/itmat-ui-react/src/utils/logUtils.tsx", "TypeScript JSX", 0, 0, 0, 0, 0, 0, 0, 19, 0, 0, 0, 0, 2, 21
"/Users/siyao/Documents/DMP/DMPReborn/packages/itmat-ui-react/src/utils/noop.ts", "TypeScript", 2, 0, 0, 0, 0, 0, 0, 0, 0, 0, 0, 1, 1, 4
"/Users/siyao/Documents/DMP/DMPReborn/packages/itmat-ui-react/src/utils/tools.ts", "TypeScript", 265, 0, 0, 0, 0, 0, 0, 0, 0, 0, 0, 23, 37, 325
"/Users/siyao/Documents/DMP/DMPReborn/packages/itmat-ui-react/src/utils/trpc.ts", "TypeScript", 29, 0, 0, 0, 0, 0, 0, 0, 0, 0, 0, 69, 19, 117
"/Users/siyao/Documents/DMP/DMPReborn/packages/itmat-ui-react/src/utils/ui.tsx", "TypeScript JSX", 0, 0, 0, 0, 0, 0, 0, 21, 0, 0, 0, 1, 3, 25
"/Users/siyao/Documents/DMP/DMPReborn/packages/itmat-ui-react/tsconfig.app.json", "JSON", 0, 0, 0, 0, 0, 30, 0, 0, 0, 0, 0, 0, 0, 30
"/Users/siyao/Documents/DMP/DMPReborn/packages/itmat-ui-react/tsconfig.json", "JSON with Comments", 0, 0, 0, 0, 26, 0, 0, 0, 0, 0, 0, 0, 0, 26
"/Users/siyao/Documents/DMP/DMPReborn/packages/itmat-ui-react/tsconfig.spec.json", "JSON", 0, 0, 0, 0, 0, 21, 0, 0, 0, 0, 0, 6, 0, 27
"/Users/siyao/Documents/DMP/DMPReborn/packages/itmat-ui-react/webpack.config.js", "JavaScript", 0, 0, 27, 0, 0, 0, 0, 0, 0, 0, 0, 0, 8, 35
"/Users/siyao/Documents/DMP/DMPReborn/scripts/hintYarn.js", "JavaScript", 0, 0, 4, 0, 0, 0, 0, 0, 0, 0, 0, 0, 1, 5
"/Users/siyao/Documents/DMP/DMPReborn/test/fixtures/_minioHelper.js", "JavaScript", 0, 0, 85, 0, 0, 0, 0, 0, 0, 0, 0, 1, 2, 88
"/Users/siyao/Documents/DMP/DMPReborn/test/fixtures/_minioJestEnv.js", "JavaScript", 0, 0, 113, 0, 0, 0, 0, 0, 0, 0, 0, 11, 15, 139
"/Users/siyao/Documents/DMP/DMPReborn/testscript/createFile.sh", "Shell Script", 0, 0, 0, 0, 0, 0, 0, 0, 0, 0, 2, 0, 0, 2
"/Users/siyao/Documents/DMP/DMPReborn/testscript/createFolder.sh", "Shell Script", 0, 0, 0, 0, 0, 0, 0, 0, 0, 0, 2, 0, 0, 2
"/Users/siyao/Documents/DMP/DMPReborn/testscript/delete.sh", "Shell Script", 0, 0, 0, 0, 0, 0, 0, 0, 0, 0, 2, 0, 0, 2
"/Users/siyao/Documents/DMP/DMPReborn/testscript/openReadStream.sh", "Shell Script", 0, 0, 0, 0, 0, 0, 0, 0, 0, 0, 3, 0, 0, 3
"/Users/siyao/Documents/DMP/DMPReborn/testscript/readDir.sh", "Shell Script", 0, 0, 0, 0, 0, 0, 0, 0, 0, 0, 3, 0, 0, 3
"/Users/siyao/Documents/DMP/DMPReborn/testscript/rename.sh", "Shell Script", 0, 0, 0, 0, 0, 0, 0, 0, 0, 0, 2, 0, 0, 2
"/Users/siyao/Documents/DMP/DMPReborn/testscript/webdav-client.sh", "Shell Script", 0, 0, 0, 0, 0, 0, 0, 0, 0, 0, 1, 0, 1, 2
"/Users/siyao/Documents/DMP/DMPReborn/tsconfig.base.json", "JSON", 0, 0, 0, 0, 0, 43, 0, 0, 0, 0, 0, 0, 0, 43
"/Users/siyao/Documents/DMP/DMPReborn/tsconfig.eslint.json", "JSON", 0, 0, 0, 0, 0, 13, 0, 0, 0, 0, 0, 0, 0, 13
"Total", "-", 31292, 84, 7455, 105, 325, 1197, 16, 4324, 16, 1339, 15, 7650, 5594, 59412